{
	"class_name" : "PinholeCameraParameters",
	"extrinsic" : 
	[
		1.0,
		-0.0,
		-0.0,
		0.0,
		0.0,
		-1.0,
		-0.0,
		0.0,
		0.0,
		-0.0,
		-1.0,
		0.0,
		-0.032449671837815872,
		-0.054169345816758967,
		8.0210918828864717,
		1.0
	],
	"intrinsic" : 
	{
		"height" : 1371,
		"intrinsic_matrix" : 
		[
			1187.3208285884655,
			0.0,
			0.0,
			0.0,
			1187.3208285884655,
			0.0,
			959.5,
			685.0,
			1.0
		],
		"width" : 1920
	},
	"version_major" : 1,
	"version_minor" : 0
}